Workbook

Sheet Test Cases
A1: ID | B1: Area | C1: Pri | D1: Precondition | E1: Steps | F1: Expected result | G1: Chrome | H1: Edge | I1: Firefox | J1: Notes / actual
A2: S-01 | B2: Setup | C2: P1 | D2: Fresh clone with .env filled in | E2: Run `npm run build` | F2: Build completes with no TypeScript errors; dist/ contains manifest.json, icons/ and assets/
A3: S-02 | B3: Setup | C3: P1 | D3: dist/ built | E3: chrome://extensions → Developer mode → Load unpacked → select dist/ | F3: Extension loads showing the purple play icon; no manifest errors
A4: S-03 | B4: Setup | C4: P1 | D4: firestore.rules NOT yet deployed | E4: Open a room and try to send a chat message | F4: Service-worker console logs 'chat subscription FAILED'; widget shows 'Chat unavailable (permission denied)'
A5: S-04 | B5: Setup | C5: P1 | D5: firestore.rules published in the Firebase console | E5: Reload the extension, open a room, send a message | F5: Message appears; no permission errors in the service-worker console
A6: S-05 | B6: Setup | C6: P2 | D6: Admin seeded manually per README step 4 | E6: Sign in as the seeded admin | F6: Popup shows the admin's name, role 'admin', and the Rooms / Users tabs
A7: A-01 | B7: Auth | C7: P1 | D7: Admin signed in | E7: Users tab → create user1 (role: user) with a temp password | F7: Success message; users/{uid} doc created with role "user"
A8: A-02 | B8: Auth | C8: P1 | D8: Admin creating a user | E8: Immediately after creating, check the popup header | F8: Admin REMAINS signed in as admin (not switched to the new account)
A9: A-03 | B9: Auth | C9: P1 | D9: user1 exists | E9: Sign in as user1 in a second browser profile | F9: Login succeeds; no Users tab is shown for a non-admin
A10: A-04 | B10: Auth | C10: P2 | D10: Signed out | E10: Attempt login with a wrong password | F10: Friendly 'Incorrect email or password.' — not a raw Firebase error code
A11: A-05 | B11: Auth | C11: P2 | D11: Auth account exists but has no users/{uid} doc | E11: Attempt to sign in with it | F11: Rejected with 'No profile found for this account.' and signed back out
A12: A-06 | B12: Auth | C12: P2 | D12: Signed in as any user | E12: Click Sign out in the popup header | F12: Returns to the login view immediately
A13: A-07 | B13: Auth | C13: P3 | D13: Signed in as admin | E13: Confirm Sign out is present for the admin role too | F13: Sign out appears top-right for admin, same as for a normal user
... A114: C-05 | B114: Cross-browser | C114: P2 | D114: Firefox | E114: Exercise chat, reactions and the dashboard | F114: All work; no callback-vs-promise API errors in the console

Sheet Regression
A1: ID | B1: Bug that was fixed | C1: Root cause | D1: How to verify it stays fixed | E1: Chrome | F1: Edge | G1: Firefox
A2: REG-01 | B2: Room disconnected after ~10 seconds | C2: A sole owner judged itself stale, pruned its own membership and deactivated the room; freshness compared a server timestamp against the local clock | D2: Host a room alone and idle for 2 minutes — it must stay connected
A3: REG-02 | B3: Viewer joined but never synced at all | C3: Join navigation closed the old page's port, which was read as leaving, tearing down the session that had just been created | D3: Join as a second user; the viewer must attach and mirror the host
A4: REG-03 | B4: Play/pause inverted between host and viewer | C4: apply() dropped incoming state before recording it, so the join gate had nothing to mirror and blind-played instead | D4: Start with the host PAUSED, then join — the viewer must stay paused
A5: REG-04 | B5: Viewer re-seeked every 8–12 seconds | C5: The 9s room-liveness heartbeat mutated the room doc, re-pushing an unchanged and by-then stale playback anchor | D5: Let host and viewer play untouched for 3 minutes — no periodic jumps
A6: REG-05 | B6: Role chip never appeared on the widget | C6: The pill was built conditionally before the first ROOM_INFO arrived, so the patch path had no element to fill | D6: Join a room — HOST/VIEWER must show on the minimized widget
A7: REG-06 | B7: New viewer saw no chat until they sent a message | C7: The first chat snapshot arrived while the tab was still navigating and was dropped; nothing replayed it afterwards | D7: Join a room with existing messages — history must show immediately
A8: REG-07 | B8: A user who joined became the host | C8: Ownership was reconciled against a cached Firestore snapshot containing only the joiner's own pending write | D8: Join an active room — you must stay VIEWER and the host keep HOST
A9: REG-08 | B9: History listed every room ever created | C9: The popup derived history from the global rooms collection instead of the per-user history subcollection | D9: Sign in as a brand-new user — History must be empty
A10: REG-09 | B10: Returning host reset everyone to 0:00 | C10: On reclaim the host published its fresh page position (0) instead of adopting the room's current position | D10: Leave as host mid-video, let a viewer take over, rejoin — nobody is reset
A11: REG-10 | B11: Popup flashed 'Cannot connect to localhost:5173' | C11: The dev-mode build served the popup from the Vite dev server through a redirect stub | D11: Use `npm run build` (or `npm run watch`) and reload — no localhost banner
A12: REG-11 | B12: 'Video cannot be controlled' alert fired constantly | C12: Every rejected play() surfaced a banner, including transient ones | D12: Join a DRM/protected player — no alert, console warning only

Sheet Summary
A1: WatchParty Sync — Manual Test Plan
A2: Fill in the Chrome / Edge / Firefox columns on the other two sheets. The counts below update automatically.
A4: Environment
A5: Tester | C5: ← fill in the yellow cells
A6: Date
A7: Extension version | B7: 0.1.0
A8: Firebase project
A9: firestore.rules deployed? (yes/no)
A10: Test page URL
A12: Results
A13: Metric | B13: Chrome | C13: Edge | D13: Firefox
A14: Functional cases passed | B14: =COUNTIF('Test Cases'!$G$2:$G$114,"Pass") | C14: =COUNTIF('Test Cases'!$H$2:$H$114,"Pass") | D14: =COUNTIF('Test Cases'!$I$2:$I$114,"Pass")
A15: Functional cases failed | B15: =COUNTIF('Test Cases'!$G$2:$G$114,"Fail") | C15: =COUNTIF('Test Cases'!$H$2:$H$114,"Fail") | D15: =COUNTIF('Test Cases'!$I$2:$I$114,"Fail")
A16: Functional cases blocked | B16: =COUNTIF('Test Cases'!$G$2:$G$114,"Blocked") | C16: =COUNTIF('Test Cases'!$H$2:$H$114,"Blocked") | D16: =COUNTIF('Test Cases'!$I$2:$I$114,"Blocked")
A17: Functional not yet run | B17: =COUNTA('Test Cases'!$A$2:$A$114)-COUNTIF('Test Cases'!$G$2:$G$114,"Pass")-COUNTIF('Test Cases'!$G$2:$G$114,"Fail")-COUNTIF('Test Cases'!$G$2:$G$114,"Blocked") | C17: =COUNTA('Test Cases'!$A$2:$A$114)-COUNTIF('Test Cases'!$H$2:$H$114,"Pass")-COUNTIF('Test Cases'!$H$2:$H$114,"Fail")-COUNTIF('Test Cases'!$H$2:$H$114,"Blocked") | D17: =COUNTA('Test Cases'!$A$2:$A$114)-COUNTIF('Test Cases'!$I$2:$I$114,"Pass")-COUNTIF('Test Cases'!$I$2:$I$114,"Fail")-COUNTIF('Test Cases'!$I$2:$I$114,"Blocked")
A18: Regression passed | B18: =COUNTIF('Regression'!$E$2:$E$12,"Pass") | C18: =COUNTIF('Regression'!$F$2:$F$12,"Pass") | D18: =COUNTIF('Regression'!$G$2:$G$12,"Pass")
A19: Regression failed | B19: =COUNTIF('Regression'!$E$2:$E$12,"Fail") | C19: =COUNTIF('Regression'!$F$2:$F$12,"Fail") | D19: =COUNTIF('Regression'!$G$2:$G$12,"Fail")
A20: % functional complete | B20: =IFERROR((COUNTIF('Test Cases'!$G$2:$G$114,"Pass")+COUNTIF('Test Cases'!$G$2:$G$114,"Fail")+COUNTIF('Test Cases'!$G$2:$G$114,"Blocked"))/COUNTA('Test Cases'!$A$2:$A$114),0) | C20: =IFERROR((COUNTIF('Test Cases'!$H$2:$H$114,"Pass")+COUNTIF('Test Cases'!$H$2:$H$114,"Fail")+COUNTIF('Test Cases'!$H$2:$H$114,"Blocked"))/COUNTA('Test Cases'!$A$2:$A$114),0) | D20: =IFERROR((COUNTIF('Test Cases'!$I$2:$I$114,"Pass")+COUNTIF('Test Cases'!$I$2:$I$114,"Fail")+COUNTIF('Test Cases'!$I$2:$I$114,"Blocked"))/COUNTA('Test Cases'!$A$2:$A$114),0)
A22: Total functional cases | B22: =COUNTA('Test Cases'!$A$2:$A$114)
A23: Total regression checks | B23: =COUNTA(Regression!$A$2:$A$12)
A25: Priority key
A26: P1 | B26: Core acceptance criteria — must pass before release
A27: P2 | B27: Important behaviour and error handling
A28: P3 | B28: Polish / nice-to-have
A30: Any multi-user test needs two browser profiles (or two machines) so the Firebase sessions are independent.
A31: Deploy firestore.rules before testing chat, history or favourites — otherwise those all fail with permission errors.
